Fecha;NT_IPC;NT_IPP;C_IPC;C_IPP;FMI;ITCR_C
1/12/1986;134.88 ;105.49 ;136.52 ;106.86 ;110.81 ;
1/01/1987;132.14 ;102.53 ;136.50 ;105.87 ;113.75 ;
1/02/1987;132.79 ;102.38 ;137.34 ;105.63 ;115.78 ;
1/03/1987;132.46 ;103.01 ;136.65 ;105.96 ;116.58 ;
1/04/1987;133.73 ;103.96 ;138.08 ;106.88 ;119.53 ;
1/05/1987;133.89 ;104.76 ;138.54 ;107.85 ;119.88 ;
1/06/1987;134.04 ;104.66 ;138.34 ;107.52 ;118.93 ;
1/07/1987;134.24 ;104.51 ;138.41 ;107.28 ;117.56 ;
1/08/1987;136.72 ;105.76 ;140.73 ;108.42 ;117.53 ;
1/09/1987;138.68 ;107.30 ;142.84 ;110.00 ;119.16 ;
1/10/1987;138.49 ;106.91 ;142.50 ;109.53 ;118.95 ;
1/11/1987;140.11 ;108.23 ;144.74 ;111.32 ;121.67 ;
1/12/1987;140.35 ;107.82 ;144.99 ;110.96 ;123.63 ;
1/01/1988;137.61 ;104.69 ;142.09 ;107.64 ;122.38 ;
1/02/1988;134.44 ;103.77 ;138.45 ;106.45 ;120.50 ;
1/03/1988;135.02 ;103.95 ;138.83 ;106.41 ;121.92 ;
1/04/1988;135.23 ;105.55 ;138.62 ;107.76 ;122.22 ;
1/05/1988;136.15 ;106.44 ;139.39 ;108.61 ;122.61 ;
1/06/1988;134.85 ;105.09 ;137.82 ;107.21 ;120.69 ;
1/07/1988;134.82 ;104.11 ;137.07 ;105.85 ;118.83 ;
1/08/1988;137.28 ;104.45 ;139.35 ;106.03 ;119.34 ;
1/09/1988;135.11 ;102.79 ;138.14 ;104.89 ;120.96 ;
1/10/1988;137.35 ;103.35 ;140.59 ;105.77 ;123.57 ;
1/11/1988;140.37 ;105.49 ;143.84 ;108.17 ;126.80 ;
1/12/1988;138.79 ;104.27 ;142.73 ;107.34 ;126.74 ;
1/01/1989;136.58 ;102.46 ;140.34 ;105.21 ;125.65 ;
1/02/1989;134.89 ;102.07 ;138.49 ;104.73 ;126.26 ;
1/03/1989;134.88 ;101.43 ;138.33 ;104.17 ;124.22 ;
1/04/1989;135.63 ;101.74 ;138.91 ;104.48 ;125.96 ;
1/05/1989;133.53 ;100.84 ;136.76 ;103.52 ;125.32 ;
1/06/1989;133.97 ;100.76 ;136.85 ;103.07 ;125.23 ;
1/07/1989;140.21 ;105.03 ;142.78 ;106.98 ;126.99 ;
1/08/1989;142.93 ;105.23 ;144.90 ;106.80 ;126.40 ;
1/09/1989;143.92 ;106.06 ;145.93 ;107.71 ;126.32 ;
1/10/1989;145.70 ;107.47 ;148.38 ;109.68 ;129.05 ;
1/11/1989;145.13 ;107.42 ;148.60 ;110.20 ;130.23 ;
1/12/1989;146.89 ;109.55 ;151.03 ;112.76 ;133.79 ;
1/01/1990;150.54 ;111.35 ;154.28 ;114.35 ;137.07 ;130.61 
1/02/1990;151.05 ;112.25 ;154.36 ;114.78 ;139.17 ;131.97 
1/03/1990;152.60 ;112.66 ;155.23 ;114.73 ;139.15 ;131.00 
1/04/1990;153.63 ;113.89 ;156.25 ;116.08 ;139.48 ;132.22 
1/05/1990;155.29 ;114.72 ;158.05 ;116.96 ;141.75 ;130.92 
1/06/1990;155.38 ;115.01 ;158.39 ;117.45 ;142.16 ;131.18 
1/07/1990;160.30 ;118.39 ;163.18 ;120.79 ;145.01 ;135.78 
1/08/1990;167.80 ;123.13 ;170.14 ;125.38 ;148.87 ;139.99 
1/09/1990;170.03 ;124.54 ;172.04 ;126.52 ;149.80 ;138.48 
1/10/1990;173.66 ;127.30 ;175.57 ;129.46 ;152.19 ;140.62 
1/11/1990;174.26 ;127.73 ;176.61 ;130.21 ;152.53 ;141.74 
1/12/1990;173.49 ;127.27 ;175.65 ;129.68 ;150.30 ;142.69 
1/01/1991;171.89 ;123.65 ;173.92 ;126.10 ;148.85 ;142.36 
1/02/1991;169.80 ;123.34 ;172.21 ;125.92 ;152.27 ;141.61 
1/03/1991;165.98 ;119.76 ;167.72 ;121.88 ;147.17 ;141.66 
1/04/1991;162.06 ;116.63 ;163.56 ;118.60 ;143.52 ;138.92 
1/05/1991;160.52 ;116.26 ;162.19 ;118.36 ;142.58 ;137.52 
1/06/1991;159.08 ;114.68 ;160.52 ;116.52 ;140.62 ;138.50 
1/07/1991;152.85 ;110.20 ;154.34 ;112.09 ;140.17 ;133.97 
1/08/1991;150.95 ;108.46 ;152.57 ;110.42 ;141.64 ;132.30 
1/09/1991;159.85 ;114.73 ;161.61 ;116.88 ;144.32 ;139.33 
1/10/1991;161.27 ;115.98 ;163.30 ;118.25 ;144.90 ;138.04 
1/11/1991;158.05 ;113.50 ;160.22 ;115.89 ;148.16 ;134.73 
1/12/1991;154.73 ;111.59 ;157.05 ;114.16 ;150.46 ;132.50 
1/01/1992;153.38 ;110.17 ;155.39 ;112.49 ;149.54 ;132.05 
1/02/1992;146.80 ;106.65 ;148.61 ;108.86 ;147.24 ;127.04 
1/03/1992;144.14 ;105.06 ;145.84 ;107.22 ;144.41 ;125.92 
1/04/1992;142.94 ;104.96 ;144.59 ;107.12 ;143.74 ;125.00 
1/05/1992;142.61 ;104.53 ;144.39 ;106.88 ;144.24 ;124.71 
1/06/1992;144.95 ;106.76 ;146.90 ;109.31 ;144.80 ;126.16 
1/07/1992;150.14 ;110.48 ;152.68 ;113.44 ;146.15 ;129.01 
1/08/1992;147.42 ;108.93 ;150.17 ;112.01 ;147.43 ;125.59 
1/09/1992;146.47 ;108.25 ;149.13 ;111.27 ;147.04 ;125.97 
1/10/1992;145.13 ;107.17 ;147.59 ;110.04 ;143.97 ;127.22 
1/11/1992;144.47 ;106.47 ;146.54 ;109.02 ;139.36 ;127.91 
1/12/1992;145.35 ;107.56 ;147.49 ;110.20 ;139.23 ;129.37 
1/01/1993;143.29 ;105.41 ;145.29 ;107.93 ;137.08 ;129.98 
1/02/1993;139.43 ;104.22 ;141.18 ;106.59 ;135.83 ;126.64 
1/03/1993;139.76 ;104.44 ;141.49 ;106.92 ;136.02 ;126.66 
1/04/1993;140.52 ;105.83 ;142.29 ;108.19 ;138.43 ;126.69 
1/05/1993;140.10 ;106.46 ;141.69 ;108.72 ;137.35 ;126.44 
1/06/1993;138.80 ;106.27 ;139.94 ;108.17 ;136.26 ;126.07 
1/07/1993;137.95 ;105.67 ;138.87 ;107.39 ;133.41 ;125.75 
1/08/1993;138.57 ;106.54 ;139.47 ;108.23 ;132.88 ;125.72 
1/09/1993;139.64 ;107.56 ;140.73 ;109.37 ;134.06 ;126.12 
1/10/1993;139.56 ;108.77 ;140.44 ;110.31 ;132.33 ;126.26 
1/11/1993;136.50 ;107.00 ;137.28 ;108.43 ;129.03 ;124.48 
1/12/1993;133.18 ;104.59 ;133.90 ;105.93 ;128.88 ;122.58 
1/01/1994;131.12 ;103.81 ;131.77 ;105.02 ;126.96 ;116.96 
1/02/1994;127.69 ;102.17 ;128.33 ;103.27 ;126.80 ;114.55 
1/03/1994;126.14 ;100.92 ;126.92 ;102.06 ;111.13 ;113.24 
1/04/1994;124.99 ;100.60 ;125.76 ;101.79 ;110.81 ;112.07 
1/05/1994;123.03 ;99.68 ;124.32 ;101.25 ;111.04 ;112.63 
1/06/1994;119.16 ;97.96 ;120.90 ;99.84 ;109.35 ;110.92 
1/07/1994;119.19 ;97.74 ;120.87 ;99.44 ;107.72 ;108.88 
1/08/1994;118.65 ;96.97 ;120.25 ;98.57 ;106.43 ;108.35 
1/09/1994;121.16 ;99.05 ;122.75 ;100.69 ;107.84 ;110.54 
1/10/1994;122.77 ;99.73 ;124.38 ;101.46 ;108.69 ;111.92 
1/11/1994;120.74 ;98.15 ;122.12 ;99.78 ;105.46 ;110.68 
1/12/1994;118.29 ;96.78 ;119.52 ;98.35 ;101.99 ;107.85 
1/01/1995;118.85 ;98.63 ;120.40 ;100.51 ;103.55 ;105.52 
1/02/1995;116.39 ;97.65 ;118.00 ;99.58 ;103.51 ;103.40 
1/03/1995;117.08 ;98.08 ;119.16 ;100.42 ;105.58 ;100.93 
1/04/1995;117.95 ;98.61 ;120.00 ;100.92 ;107.13 ;102.55 
1/05/1995;117.65 ;98.28 ;119.24 ;100.26 ;105.98 ;103.43 
1/06/1995;117.00 ;97.46 ;118.46 ;99.31 ;104.77 ;103.04 
1/07/1995;118.51 ;98.88 ;120.01 ;100.78 ;106.01 ;104.10 
1/08/1995;122.51 ;102.28 ;123.66 ;103.92 ;107.67 ;108.15 
1/09/1995;125.31 ;104.92 ;126.25 ;106.42 ;108.71 ;110.75 
1/10/1995;128.10 ;107.37 ;129.08 ;108.97 ;110.81 ;111.96 
1/11/1995;129.27 ;107.82 ;130.17 ;109.31 ;110.98 ;110.83 
1/12/1995;120.74 ;100.90 ;122.49 ;103.10 ;106.47 ;108.80 
1/01/1996;119.57 ;100.97 ;121.46 ;102.93 ;106.45 ;109.79 
1/02/1996;118.68 ;101.35 ;120.24 ;103.09 ;107.45 ;108.15 
1/03/1996;119.33 ;101.78 ;120.73 ;103.42 ;108.35 ;108.37 
1/04/1996;115.98 ;99.74 ;117.61 ;101.67 ;105.96 ;107.80 
1/05/1996;113.12 ;98.16 ;115.24 ;100.45 ;103.96 ;107.74 
1/06/1996;113.20 ;98.85 ;115.26 ;101.17 ;103.85 ;107.28 
1/07/1996;111.70 ;97.53 ;113.73 ;99.89 ;102.08 ;105.38 
1/08/1996;109.37 ;96.21 ;111.40 ;98.55 ;99.58 ;102.99 
1/09/1996;108.02 ;95.07 ;110.05 ;97.51 ;97.80 ;101.79 
1/10/1996;104.74 ;91.62 ;106.60 ;93.98 ;94.20 ;98.16 
1/11/1996;102.66 ;89.52 ;104.54 ;91.98 ;92.05 ;96.07 
1/12/1996;101.87 ;89.15 ;103.60 ;91.62 ;90.90 ;96.42 
1/01/1997;102.88 ;90.17 ;104.30 ;92.46 ;92.14 ;97.40 
1/02/1997;104.04 ;91.58 ;105.14 ;93.65 ;94.51 ;99.23 
1/03/1997;101.14 ;86.86 ;102.23 ;88.90 ;92.17 ;96.36 
1/04/1997;99.75 ;85.37 ;100.62 ;87.24 ;91.28 ;95.08 
1/05/1997;100.38 ;85.93 ;101.20 ;87.92 ;91.61 ;95.00 
1/06/1997;100.19 ;84.76 ;100.91 ;86.62 ;91.14 ;94.61 
1/07/1997;101.14 ;86.19 ;101.65 ;88.00 ;91.42 ;95.43 
1/08/1997;102.60 ;87.88 ;102.84 ;89.62 ;91.96 ;96.38 
1/09/1997;110.57 ;94.21 ;110.76 ;96.17 ;98.69 ;102.60 
1/10/1997;114.14 ;95.87 ;114.27 ;97.86 ;101.34 ;104.08 
1/11/1997;115.99 ;97.27 ;116.17 ;99.37 ;102.35 ;104.97 
1/12/1997;114.56 ;95.86 ;114.43 ;97.66 ;100.20 ;102.62 
1/01/1998;114.39 ;95.02 ;114.08 ;96.48 ;100.23 ;100.10 
1/02/1998;113.30 ;92.73 ;113.01 ;94.16 ;101.06 ;100.09 
1/03/1998;111.69 ;92.46 ;111.31 ;93.74 ;99.99 ;98.48 
1/04/1998;109.23 ;91.38 ;108.86 ;92.66 ;98.25 ;97.31 
1/05/1998;110.04 ;91.57 ;109.76 ;92.93 ;98.86 ;96.90 
1/06/1998;108.23 ;90.43 ;107.92 ;91.68 ;96.84 ;94.19 
1/07/1998;106.19 ;88.61 ;105.97 ;89.80 ;94.97 ;93.23 
1/08/1998;106.92 ;89.62 ;106.87 ;90.83 ;95.39 ;94.07 
1/09/1998;117.45 ;98.46 ;117.83 ;100.10 ;104.35 ;101.43 
1/10/1998;124.41 ;104.25 ;124.92 ;105.92 ;110.36 ;106.75 
1/11/1998;122.41 ;102.14 ;122.59 ;103.53 ;108.27 ;107.00 
1/12/1998;119.20 ;99.54 ;119.39 ;100.93 ;104.74 ;103.67 
1/01/1999;119.02 ;98.82 ;119.38 ;100.28 ;105.22 ;101.22 
1/02/1999;114.98 ;95.76 ;115.48 ;97.30 ;102.88 ;97.07 
1/03/1999;110.66 ;94.26 ;111.72 ;95.89 ;99.91 ;92.22 
1/04/1999;113.90 ;97.69 ;114.35 ;98.71 ;102.85 ;97.05 
1/05/1999;118.37 ;101.74 ;118.70 ;102.90 ;106.45 ;101.54 
1/06/1999;119.77 ;103.12 ;120.77 ;104.71 ;107.96 ;101.71 
1/07/1999;128.19 ;109.31 ;129.44 ;111.01 ;114.81 ;108.71 
1/08/1999;133.23 ;112.69 ;134.44 ;114.36 ;118.83 ;111.38 
1/09/1999;139.77 ;117.64 ;141.39 ;119.50 ;124.49 ;115.37 
1/10/1999;138.20 ;116.62 ;140.51 ;118.47 ;123.12 ;112.22 
1/11/1999;134.57 ;114.02 ;136.92 ;115.64 ;119.68 ;109.94 
1/12/1999;130.41 ;110.21 ;132.51 ;111.66 ;115.39 ;107.40 
1/01/2000;130.53 ;111.50 ;133.15 ;112.88 ;117.70 ;105.72 
1/02/2000;129.68 ;111.56 ;132.12 ;112.89 ;117.97 ;106.53 
1/03/2000;129.08 ;111.11 ;131.24 ;112.32 ;117.43 ;107.28 
1/04/2000;130.15 ;110.23 ;132.09 ;111.66 ;118.81 ;109.34 
1/05/2000;132.77 ;112.87 ;134.84 ;114.42 ;120.58 ;112.13 
1/06/2000;138.84 ;118.21 ;140.79 ;119.59 ;126.02 ;116.63 
1/07/2000;141.86 ;119.40 ;143.86 ;120.75 ;128.16 ;120.21 
1/08/2000;142.20 ;119.29 ;144.52 ;120.80 ;128.13 ;122.09 
1/09/2000;143.08 ;120.35 ;145.60 ;121.98 ;128.28 ;123.29 
1/10/2000;140.04 ;118.02 ;142.82 ;119.99 ;124.92 ;120.76 
1/11/2000;136.85 ;115.40 ;139.62 ;117.32 ;121.90 ;118.76 
1/12/2000;140.51 ;117.65 ;143.14 ;119.70 ;125.20 ;122.27 
1/01/2001;143.95 ;120.75 ;146.58 ;123.10 ;129.02 ;125.55 
1/02/2001;141.50 ;117.77 ;144.02 ;119.71 ;128.00 ;123.88 
1/03/2001;141.10 ;116.74 ;143.61 ;118.70 ;127.87 ;124.18 
1/04/2001;142.35 ;117.20 ;144.77 ;119.19 ;129.07 ;124.98 
1/05/2001;143.29 ;117.43 ;145.71 ;119.41 ;129.57 ;125.66 
1/06/2001;140.16 ;114.73 ;142.61 ;116.73 ;126.30 ;123.05 
1/07/2001;139.27 ;113.45 ;141.94 ;115.45 ;125.24 ;123.00 
1/08/2001;139.18 ;113.49 ;141.73 ;115.31 ;125.10 ;123.21 
1/09/2001;141.57 ;115.24 ;144.13 ;117.04 ;126.51 ;124.03 
1/10/2001;140.31 ;113.17 ;142.85 ;114.86 ;125.10 ;122.76 
1/11/2001;139.81 ;112.41 ;142.24 ;113.98 ;124.65 ;122.86 
1/12/2001;139.43 ;111.63 ;141.95 ;113.19 ;124.82 ;123.14 
1/01/2002;135.68 ;109.62 ;138.30 ;111.24 ;122.62 ;120.84 
1/02/2002;131.46 ;107.51 ;134.31 ;109.30 ;119.24 ;120.06 
1/03/2002;131.26 ;108.46 ;134.07 ;110.31 ;118.81 ;119.96 
1/04/2002;130.57 ;108.42 ;133.61 ;110.40 ;119.15 ;118.78 
1/05/2002;131.41 ;109.77 ;134.27 ;111.62 ;120.21 ;120.13 
1/06/2002;131.55 ;110.51 ;134.29 ;112.25 ;120.01 ;122.03 
1/07/2002;139.91 ;117.09 ;142.73 ;118.89 ;126.81 ;129.55 
1/08/2002;146.65 ;121.71 ;149.74 ;123.72 ;132.87 ;136.02 
1/09/2002;150.95 ;123.86 ;154.63 ;126.22 ;136.28 ;140.04 
1/10/2002;153.84 ;125.24 ;158.11 ;127.96 ;138.91 ;142.15 
1/11/2002;149.99 ;122.40 ;153.88 ;124.87 ;135.48 ;137.61 
1/12/2002;155.68 ;127.00 ;159.60 ;129.47 ;140.68 ;142.05 
1/01/2003;157.95 ;131.03 ;162.09 ;133.69 ;143.75 ;146.19 
1/02/2003;160.64 ;134.45 ;164.75 ;137.15 ;146.56 ;146.05 
1/03/2003;161.47 ;136.77 ;165.37 ;139.44 ;147.57 ;145.35 
1/04/2003;159.83 ;132.39 ;163.20 ;134.42 ;145.94 ;144.14 
1/05/2003;158.37 ;131.19 ;161.39 ;133.06 ;145.26 ;142.36 
1/06/2003;157.07 ;130.75 ;159.96 ;132.65 ;143.91 ;140.76 
1/07/2003;159.03 ;131.90 ;161.78 ;133.64 ;144.73 ;142.10 
1/08/2003;158.13 ;131.21 ;160.98 ;133.03 ;143.53 ;140.66 
1/09/2003;157.96 ;131.15 ;160.51 ;132.82 ;142.95 ;139.82 
1/10/2003;161.93 ;134.70 ;164.40 ;136.36 ;146.65 ;141.94 
1/11/2003;159.94 ;132.93 ;162.22 ;134.48 ;144.87 ;140.18 
1/12/2003;158.30 ;132.47 ;160.50 ;134.00 ;144.29 ;138.60 
1/01/2004;155.70 ;131.79 ;157.81 ;133.22 ;142.85 ;136.23 
1/02/2004;150.80 ;128.71 ;153.33 ;130.37 ;138.52 ;133.45 
1/03/2004;146.23 ;125.62 ;148.72 ;127.25 ;135.13 ;130.41 
1/04/2004;143.76 ;123.85 ;146.16 ;125.50 ;132.97 ;128.70 
1/05/2004;147.03 ;126.89 ;149.66 ;128.63 ;135.72 ;130.88 
1/06/2004;146.87 ;126.84 ;149.51 ;128.64 ;135.70 ;130.37 
1/07/2004;144.05 ;125.31 ;146.42 ;126.92 ;132.88 ;128.62 
1/08/2004;141.21 ;123.42 ;143.47 ;124.89 ;130.80 ;126.22 
1/09/2004;138.82 ;120.98 ;141.04 ;122.42 ;127.77 ;124.50 
1/10/2004;141.74 ;124.12 ;144.04 ;125.58 ;130.34 ;127.39 
1/11/2004;140.57 ;122.81 ;142.77 ;124.39 ;129.57 ;126.15 
1/12/2004;134.83 ;118.03 ;136.79 ;119.45 ;125.00 ;120.59 
1/01/2005;131.04 ;115.94 ;132.82 ;117.16 ;121.61 ;117.47 
1/02/2005;129.20 ;114.85 ;130.89 ;115.92 ;120.70 ;115.90 
1/03/2005;128.01 ;114.62 ;130.21 ;116.01 ;121.50 ;115.86 
1/04/2005;127.66 ;114.61 ;129.77 ;116.02 ;120.04 ;115.53 
1/05/2005;127.07 ;113.92 ;128.94 ;115.15 ;119.44 ;115.08 
1/06/2005;125.73 ;113.64 ;127.43 ;114.64 ;117.43 ;113.93 
1/07/2005;125.68 ;114.47 ;127.33 ;115.44 ;117.06 ;114.10 
1/08/2005;125.87 ;115.34 ;127.61 ;116.34 ;117.05 ;113.46 
1/09/2005;125.78 ;116.66 ;127.53 ;117.87 ;116.52 ;112.59 
1/10/2005;125.32 ;116.67 ;126.95 ;118.02 ;115.45 ;113.90 
1/11/2005;124.34 ;114.85 ;125.70 ;116.06 ;114.25 ;113.30 
1/12/2005;124.31 ;115.08 ;125.65 ;116.27 ;114.33 ;113.01 
1/01/2006;124.53 ;116.31 ;125.94 ;117.42 ;115.34 ;113.46 
1/02/2006;123.13 ;114.90 ;124.47 ;115.78 ;114.81 ;113.21 
1/03/2006;122.96 ;114.35 ;124.39 ;115.29 ;114.96 ;113.05 
1/04/2006;127.35 ;117.63 ;128.98 ;118.68 ;120.34 ;117.01 
1/05/2006;132.69 ;122.68 ;134.57 ;123.88 ;123.78 ;121.13 
1/06/2006;138.48 ;127.69 ;140.54 ;128.97 ;130.33 ;125.99 
1/07/2006;137.55 ;127.39 ;139.42 ;128.46 ;129.30 ;125.45 
1/08/2006;131.14 ;121.70 ;132.85 ;122.80 ;122.73 ;119.29 
1/09/2006;131.10 ;120.48 ;132.71 ;121.50 ;122.18 ;119.30 
1/10/2006;129.43 ;117.91 ;130.81 ;118.69 ;120.24 ;118.13 
1/11/2006;125.84 ;115.45 ;127.12 ;116.39 ;117.12 ;114.95 
1/12/2006;125.03 ;115.22 ;126.21 ;116.08 ;116.71 ;114.32 
1/01/2007;122.64 ;113.45 ;123.74 ;114.13 ;114.54 ;112.44 
1/02/2007;121.37 ;114.38 ;122.43 ;115.04 ;114.34 ;111.47 
1/03/2007;119.17 ;113.86 ;120.32 ;114.62 ;112.61 ;109.41 
1/04/2007;116.42 ;112.94 ;117.49 ;113.64 ;110.49 ;106.70 
1/05/2007;109.65 ;107.76 ;110.50 ;108.35 ;102.97 ;100.80 
1/06/2007;105.48 ;104.65 ;106.12 ;105.06 ;99.61 ;96.88 
1/07/2007;107.82 ;108.03 ;108.39 ;108.43 ;101.57 ;99.37 
1/08/2007;113.61 ;113.00 ;114.19 ;113.29 ;108.88 ;104.20 
1/09/2007;118.03 ;116.69 ;118.53 ;116.90 ;110.90 ;107.87 
1/10/2007;113.74 ;112.48 ;114.01 ;112.48 ;106.66 ;104.18 
1/11/2007;118.02 ;116.90 ;118.15 ;116.97 ;110.67 ;107.77 
1/12/2007;116.26 ;114.46 ;116.16 ;114.36 ;108.83 ;106.73 
1/01/2008;114.76 ;113.93 ;114.50 ;113.70 ;107.36 ;105.12 
1/02/2008;110.05 ;109.25 ;109.61 ;108.86 ;103.87 ;101.18 
1/03/2008;104.40 ;105.55 ;104.96 ;106.26 ;102.21 ;99.29 
1/04/2008;103.09 ;105.32 ;103.24 ;105.66 ;99.93 ;97.39 
1/05/2008;102.33 ;105.89 ;102.26 ;106.18 ;98.41 ;96.81 
1/06/2008;98.74 ;102.09 ;98.59 ;102.37 ;94.74 ;92.99 
1/07/2008;103.74 ;107.72 ;103.43 ;108.02 ;99.14 ;97.53 
1/08/2008;105.90 ;108.98 ;105.44 ;108.99 ;101.12 ;100.38 
1/09/2008;115.82 ;116.52 ;115.73 ;116.86 ;111.11 ;110.25 
1/10/2008;121.92 ;118.11 ;122.28 ;118.57 ;116.88 ;116.43 
1/11/2008;121.82 ;115.59 ;121.90 ;115.66 ;115.97 ;115.43 
1/12/2008;117.69 ;111.33 ;117.66 ;111.16 ;113.36 ;109.99 
1/01/2009;115.48 ;111.51 ;115.80 ;111.60 ;113.13 ;109.33 
1/02/2009;126.10 ;119.55 ;126.80 ;119.84 ;123.51 ;119.67 
1/03/2009;124.06 ;117.67 ;124.73 ;117.73 ;121.46 ;117.40 
1/04/2009;121.30 ;115.06 ;121.66 ;114.92 ;118.76 ;114.71 
1/05/2009;115.88 ;110.57 ;116.09 ;110.39 ;113.94 ;109.39 
1/06/2009;110.09 ;106.94 ;110.31 ;106.72 ;107.65 ;103.54 
1/07/2009;108.45 ;105.04 ;108.61 ;104.79 ;106.26 ;102.08 
1/08/2009;108.09 ;106.24 ;108.07 ;105.86 ;105.78 ;101.45 
1/09/2009;107.63 ;106.59 ;107.43 ;105.90 ;104.53 ;100.11 
1/10/2009;104.41 ;103.90 ;104.19 ;103.27 ;101.38 ;97.96 
1/11/2009;108.74 ;108.04 ;108.52 ;107.53 ;106.42 ;102.16 
1/12/2009;109.88 ;108.27 ;109.73 ;107.97 ;108.74 ;104.28 
1/01/2010;105.56 ;105.26 ;105.70 ;105.27 ;104.70 ;102.25 
1/02/2010;101.61 ;100.96 ;101.95 ;101.17 ;102.00 ;100.11 
1/03/2010;100.00 ;99.18 ;100.19 ;99.33 ;100.43 ;100.45 
1/04/2010;101.95 ;101.34 ;101.98 ;101.40 ;102.19 ;102.59 
1/05/2010;102.35 ;101.21 ;102.54 ;101.51 ;102.66 ;102.98 
1/06/2010;98.95 ;98.09 ;99.09 ;98.20 ;98.99 ;99.79 
1/07/2010;97.69 ;97.45 ;97.75 ;97.48 ;97.67 ;98.24 
1/08/2010;95.22 ;95.73 ;95.23 ;95.73 ;95.21 ;95.87 
1/09/2010;95.48 ;96.51 ;95.39 ;96.40 ;95.19 ;96.22 
1/10/2010;97.73 ;99.20 ;97.48 ;98.97 ;97.76 ;97.49 
1/11/2010;100.67 ;101.50 ;100.33 ;101.25 ;100.53 ;100.49 
1/12/2010;103.34 ;104.04 ;102.91 ;103.73 ;103.19 ;103.90 
1/01/2011;100.25 ;102.53 ;99.75 ;102.09 ;98.87 ;101.09 
1/02/2011;101.41 ;103.40 ;100.90 ;103.10 ;101.01 ;102.32 
1/03/2011;102.48 ;104.32 ;101.96 ;104.01 ;101.99 ;104.29 
1/04/2011;100.02 ;102.40 ;99.42 ;102.06 ;99.30 ;102.39 
1/05/2011;99.51 ;101.07 ;98.95 ;100.81 ;99.03 ;101.11 
1/06/2011;98.37 ;100.13 ;97.75 ;99.86 ;98.05 ;100.03 
1/07/2011;97.90 ;100.35 ;97.15 ;99.97 ;97.26 ;99.52 
1/08/2011;98.95 ;100.80 ;98.36 ;100.57 ;98.41 ;100.23 
1/09/2011;99.45 ;101.17 ;99.19 ;101.24 ;98.91 ;101.87 
1/10/2011;102.90 ;103.05 ;102.64 ;103.10 ;101.70 ;103.72 
1/11/2011;103.07 ;103.19 ;102.80 ;103.28 ;101.82 ;103.77 
1/12/2011;102.98 ;102.93 ;102.62 ;102.96 ;101.85 ;104.47 
1/01/2012;98.89 ;101.16 ;98.33 ;100.81 ;97.61 ;100.01 
1/02/2012;96.12 ;98.98 ;95.44 ;98.52 ;95.46 ;98.93 
1/03/2012;95.34 ;98.25 ;94.77 ;98.01 ;94.54 ;96.40 
1/04/2012;95.48 ;98.11 ;95.09 ;97.91 ;94.71 ;95.98 
1/05/2012;94.81 ;97.21 ;94.61 ;97.20 ;93.95 ;94.82 
1/06/2012;93.85 ;96.93 ;93.68 ;96.98 ;92.69 ;93.70 
1/07/2012;94.11 ;97.31 ;93.68 ;97.20 ;92.88 ;94.17 
1/08/2012;95.88 ;98.91 ;95.49 ;98.89 ;94.65 ;95.72 
1/09/2012;96.49 ;99.39 ;96.15 ;99.44 ;95.26 ;96.02 
1/10/2012;96.95 ;99.44 ;96.59 ;99.51 ;95.68 ;96.57 
1/11/2012;97.46 ;100.06 ;97.11 ;100.14 ;96.05 ;97.56 
1/12/2012;96.40 ;100.09 ;96.09 ;100.13 ;95.40 ;96.63 
1/01/2013;95.46 ;100.98 ;95.13 ;100.87 ;94.85 ;96.36 
1/02/2013;95.64 ;101.37 ;95.55 ;101.51 ;95.82 ;98.15 
1/03/2013;96.09 ;100.78 ;96.02 ;100.91 ;95.84 ;99.37 
1/04/2013;97.34 ;102.02 ;97.22 ;102.06 ;97.22 ;100.66 
1/05/2013;97.92 ;102.46 ;97.86 ;102.62 ;98.02 ;100.98 
1/06/2013;100.10 ;104.60 ;100.35 ;105.03 ;100.33 ;102.10 
1/07/2013;99.67 ;104.21 ;99.88 ;104.56 ;99.40 ;101.03 
1/08/2013;99.60 ;104.12 ;99.99 ;104.66 ;99.53 ;100.50 
1/09/2013;100.23 ;105.39 ;100.67 ;105.90 ;100.36 ;101.01 
1/10/2013;99.60 ;104.28 ;99.93 ;104.75 ;99.69 ;100.48 
1/11/2013;101.03 ;104.88 ;101.52 ;105.53 ;101.39 ;102.00 
1/12/2013;101.53 ;106.25 ;102.12 ;106.97 ;102.30 ;102.32 
1/01/2014;102.40 ;108.41 ;102.97 ;109.22 ;103.30 ;104.15 
1/02/2014;105.64 ;111.57 ;106.36 ;112.39 ;107.39 ;107.51 
1/03/2014;105.08 ;108.71 ;105.77 ;109.49 ;106.87 ;107.20 
1/04/2014;100.71 ;104.05 ;101.41 ;104.78 ;102.98 ;103.14 
1/05/2014;99.61 ;102.97 ;100.18 ;103.60 ;101.79 ;101.48 
1/06/2014;98.11 ;101.54 ;98.70 ;102.13 ;100.22 ;99.51 
1/07/2014;96.97 ;100.23 ;97.46 ;100.81 ;98.40 ;98.57 
1/08/2014;98.33 ;100.94 ;98.82 ;101.45 ;99.68 ;99.84 
1/09/2014;101.24 ;103.22 ;101.70 ;103.75 ;102.42 ;102.72 
1/10/2014;104.53 ;104.75 ;105.12 ;105.37 ;105.16 ;105.25 
1/11/2014;107.82 ;107.28 ;108.26 ;107.89 ;108.19 ;108.40 
1/12/2014;116.94 ;114.23 ;117.44 ;115.02 ;117.17 ;117.48 
1/01/2015;117.56 ;115.10 ;117.74 ;115.71 ;118.37 ;118.90 
1/02/2015;114.41 ;112.64 ;114.96 ;113.65 ;118.18 ;116.73 
1/03/2015;119.66 ;115.66 ;120.34 ;116.77 ;123.82 ;120.89 
1/04/2015;115.72 ;112.75 ;116.23 ;113.61 ;119.91 ;117.22 
1/05/2015;113.79 ;112.01 ;114.57 ;113.13 ;117.92 ;114.58 
1/06/2015;119.27 ;116.28 ;120.01 ;117.48 ;123.47 ;119.96 
1/07/2015;126.98 ;121.86 ;127.65 ;123.08 ;131.20 ;126.19 
1/08/2015;138.45 ;129.60 ;139.17 ;130.91 ;141.82 ;135.41 
1/09/2015;138.97 ;129.27 ;139.72 ;130.45 ;141.69 ;132.66 
1/10/2015;133.10 ;123.43 ;133.57 ;124.44 ;135.69 ;127.23 
1/11/2015;134.15 ;123.09 ;134.49 ;124.02 ;136.05 ;129.46 
1/12/2015;143.60 ;129.89 ;144.04 ;130.87 ;146.50 ;138.50 
1/01/2016;141.84 ;130.47 ;142.42 ;131.39 ;144.92 ;136.89 
1/02/2016;144.31 ;132.25 ;144.87 ;133.11 ;148.21 ;139.66 
1/03/2016;136.02 ;125.97 ;136.44 ;126.69 ;139.34 ;133.22 
1/04/2016;130.11 ;121.44 ;130.53 ;122.15 ;134.30 ;128.31 
1/05/2016;128.34 ;119.98 ;128.82 ;120.74 ;133.32 ;127.53 
1/06/2016;127.39 ;119.38 ;127.99 ;120.30 ;133.14 ;128.33 
1/07/2016;125.62 ;118.54 ;126.18 ;119.40 ;131.07 ;128.21 
1/08/2016;126.54 ;120.24 ;127.08 ;121.06 ;132.48 ;129.60 
1/09/2016;124.28 ;118.71 ;124.90 ;119.60 ;130.17 ;127.49 
1/10/2016;125.02 ;118.71 ;125.53 ;119.55 ;130.50 ;129.05 
1/11/2016;130.58 ;122.87 ;131.26 ;123.89 ;135.82 ;134.79 
1/12/2016;125.22 ;120.23 ;125.89 ;121.22 ;130.62 ;129.61 
1/01/2017;122.19 ;120.71 ;122.83 ;121.50 ;127.77 ;127.12 
1/02/2017;119.66 ;119.60 ;120.17 ;120.29 ;125.86 ;125.00 
1/03/2017;122.50 ;121.77 ;122.79 ;122.34 ;128.97 ;127.65 
1/04/2017;119.94 ;119.93 ;120.22 ;120.57 ;126.54 ;124.55 
1/05/2017;122.04 ;121.57 ;122.37 ;122.32 ;128.94 ;126.08 
1/06/2017;122.93 ;122.27 ;123.51 ;123.32 ;131.00 ;127.23 
1/07/2017;127.51 ;125.90 ;128.04 ;126.96 ;135.39 ;132.34 
1/08/2017;125.67 ;124.11 ;126.26 ;125.18 ;133.72 ;130.31 
1/09/2017;124.22 ;123.31 ;124.74 ;124.30 ;131.97 ;128.18 
1/10/2017;125.13 ;123.61 ;125.68 ;124.65 ;132.02 ;129.04 
1/11/2017;127.95 ;125.57 ;128.38 ;126.54 ;134.30 ;131.06 
1/12/2017;127.26 ;125.90 ;127.50 ;126.64 ;133.44 ;129.85 
1/01/2018;123.37 ;125.45 ;123.57 ;125.96 ;129.87 ;125.26 
1/02/2018;119.69 ;121.97 ;120.80 ;123.42 ;130.41 ;124.17 
1/03/2018;119.02 ;120.82 ;120.23 ;122.38 ;129.79 ;123.24 
1/04/2018;115.04 ;117.43 ;116.30 ;119.01 ;125.48 ;118.35 
1/05/2018;117.02 ;119.26 ;118.41 ;120.97 ;126.49 ;119.88 
1/06/2018;117.49 ;119.89 ;118.80 ;121.53 ;126.33 ;120.22 
1/07/2018;117.66 ;119.72 ;118.81 ;121.20 ;125.41 ;120.18 
1/08/2018;116.80 ;118.52 ;118.73 ;120.80 ;127.56 ;122.11 
1/09/2018;118.89 ;120.12 ;121.12 ;122.56 ;129.94 ;123.64 
1/10/2018;121.92 ;121.84 ;123.81 ;123.94 ;131.78 ;126.78 
1/11/2018;126.38 ;125.39 ;128.22 ;127.39 ;135.37 ;130.97 
1/12/2018;125.56 ;124.76 ;127.57 ;126.82 ;135.65 ;130.76 
1/01/2019;124.32 ;125.67 ;126.16 ;127.59 ;135.21 ;129.82 
1/02/2019;122.15 ;123.58 ;123.98 ;125.47 ;133.22 ;127.54 
1/03/2019;122.80 ;123.68 ;124.65 ;125.61 ;133.45 ;127.19 
1/04/2019;123.99 ;124.11 ;125.83 ;126.03 ;134.54 ;128.35 
1/05/2019;128.85 ;127.42 ;130.81 ;129.41 ;139.20 ;133.21 
1/06/2019;126.85 ;125.42 ;128.79 ;127.31 ;137.43 ;131.36 
1/07/2019;125.68 ;123.10 ;127.63 ;124.90 ;135.41 ;130.35 
1/08/2019;130.76 ;126.78 ;133.10 ;128.75 ;141.40 ;135.58 
1/09/2019;129.14 ;125.07 ;131.49 ;127.02 ;139.67 ;133.62 
1/10/2019;131.67 ;126.29 ;134.27 ;128.36 ;141.73 ;135.61 
1/11/2019;130.87 ;125.70 ;133.57 ;127.80 ;140.14 ;134.64 
1/12/2019;129.90 ;125.56 ;132.54 ;127.61 ;140.53 ;134.43 
1/01/2020;128.11 ;126.32 ;130.64 ;128.45 ;138.38 ;132.08 
1/02/2020;129.70 ;127.50 ;132.30 ;129.62 ;140.49 ;133.50 
1/03/2020;142.90 ;138.69 ;146.12 ;141.16 ;154.69 ;144.96 
1/04/2020;143.70 ;138.02 ;146.97 ;140.53 ;155.65 ;145.08 
1/05/2020;139.70 ;134.13 ;142.93 ;136.60 ;151.01 ;139.76 
1/06/2020;136.90 ;130.92 ;139.57 ;132.92 ;148.12 ;137.67 
1/07/2020;136.81 ;131.43 ;139.41 ;133.42 ;147.15 ;136.06 
1/08/2020;142.54 ;136.59 ;145.22 ;138.57 ;153.26 ;140.68 
1/09/2020;141.40 ;135.95 ;144.03 ;137.87 ;;139.09 
